{
  "mae": 0.0004062338308457622,
  "rmse": 0.0006631206451693047,
  "median_ae": 0.00024900000000016576,
  "sse": 8.838552700000074e-05,
  "r2": 0.9998693874286981,
  "accuracy": 95.52238805970148,
  "model_size": 1.1564922332763672,
  "training_time": 41.750459000000006
}