{
  "mae": 0.00040644278606963996,
  "rmse": 0.00066379079827955,
  "median_ae": 0.0002540000000001985,
  "sse": 8.856426300000105e-05,
  "r2": 0.9998691232998375,
  "accuracy": 95.52238805970148,
  "model_size": 1.1564922332763672,
  "training_time": 41.750459000000006
}