{
  "mae": 0.0003687761194029766,
  "rmse": 0.0007111285893892616,
  "median_ae": 0.00021700000000013375,
  "sse": 0.00010164647799999895,
  "r2": 0.9998497909295109,
  "accuracy": 95.02487562189054,
  "model_size": 1.1942024230957031,
  "training_time": 45.8297632
}