{
  "mae": 0.00036804477611939286,
  "rmse": 0.0007098702179751948,
  "median_ae": 0.00021899999999996922,
  "sse": 0.00010128706099999827,
  "r2": 0.9998503220614748,
  "accuracy": 95.02487562189054,
  "model_size": 1.1942024230957031,
  "training_time": 45.8297632
}