{
  "mae": 0.0003892089552238814,
  "rmse": 0.0007075207607312129,
  "median_ae": 0.00023799999999996047,
  "sse": 0.00010061771100000052,
  "r2": 0.9998513111999409,
  "accuracy": 95.02487562189054,
  "model_size": 1.4708614349365234,
  "training_time": 161.425389
}