{
  "mae": 0.0003891492537313457,
  "rmse": 0.0007072575195817865,
  "median_ae": 0.00023499999999998522,
  "sse": 0.00010054285300000121,
  "r2": 0.9998514218220778,
  "accuracy": 95.02487562189054,
  "model_size": 1.4708614349365234,
  "training_time": 161.425389
}