{
  "mae": 0.00039158208955224324,
  "rmse": 0.0007360801924731037,
  "median_ae": 0.00024000000000001798,
  "sse": 0.00010890462399999954,
  "r2": 0.9998390651337372,
  "accuracy": 96.01990049751244,
  "model_size": 1.1706962585449219,
  "training_time": 39.2403074
}