{
  "mae": 0.00039119402985075277,
  "rmse": 0.0007348191438233992,
  "median_ae": 0.00024599999999996847,
  "sse": 0.00010853179400000003,
  "r2": 0.9998396160868923,
  "accuracy": 96.01990049751244,
  "model_size": 1.1706962585449219,
  "training_time": 39.2403074
}