{
  "val_mae": 0.5959034653465346,
  "max_error": 0.6998,
  "rmse": 0.005452190948473284,
  "r2": 0.9912575880777549,
  "train_time": 0.0,
  "model_size": 1.2646026611328125,
  "accuracy": 20.2970297029703,
  "median_ae": 0.004449999999999954,
  "mae": 0.004609405940594072,
  "accuracy_005": 0.0,
  "accuracy_01": 0.0,
  "precision": 0.0,
  "recall": 0.0,
  "f1": 0.0,
  "ssr": 72.4100013,
  "explained_variance": 0.0,
  "sst": 72.41158399,
  "sse": 0.006004730000000029
}