模型名称,MAE,RMSE,MedAE,SSE,R²,准确度(±0.001)(%),模型大小(MB)
run_20250514_125023,0.0032965346534653,0.0044449158853371,0.0025499999999999,0.00399097,0.9941894633548348,35.148514851485146,0.1519546508789062
run_20250812_115411,0.004609405940594,0.0054521909484732,0.0044499999999999,0.00600473,0.9912575880777548,20.2970297029703,1.2646026611328125
run_20250812_233304,0.0046019801980198,0.0054074023338383,0.0044999999999999,0.00590648,0.991400632306448,19.8019801980198,1.2176284790039062
