模型名称,训练时长(s),MAE,RMSE,MedAE,SSE,R²,准确度(±0.001)(%),模型大小(MB)
run_20250830_000727_som_hybrid,200.0,0.00043538308457710136,0.0007650304647138299,0.000252000000000141,0.00011763959399999196,0.9998261569469484,93.53233830845771,2.0227861404418945
run_20250830_165734_kmeans_optuna,39.2403074,0.00039158208955224324,0.0007360801924731037,0.00024000000000001798,0.00010890462399999954,0.9998390651337372,96.01990049751244,1.1706962585449219
run_20250830_225700_som_hybrid,352.0663774,0.0003475174129353162,0.0006686624318452533,0.00019300000000010975,8.986899900000283e-05,0.9998671952135363,96.51741293532339,1.4786968231201172
run_20250831_165648_som_optuna,161.425389,0.0003892089552238814,0.0007075207607312129,0.00023799999999996047,0.00010061771100000052,0.9998513111999409,95.02487562189054,1.4708614349365234
run_20250831_181530_kmeans_bayesian,41.750459000000006,0.00040644278606963996,0.00066379079827955,0.0002540000000001985,8.856426300000105e-05,0.9998691232998375,95.52238805970148,1.1564922332763672
run_20250831_182804_kmeans_hybrid,45.8297632,0.0003687761194029766,0.0007111285893892616,0.00021700000000013375,0.00010164647799999895,0.9998497909295109,95.02487562189054,1.1942024230957031
