模型名称,训练时长(s),MAE,RMSE,MedAE,SSE,R²,准确度(±0.001)(%),模型大小(MB)
run_20250830_000727_som_hybrid,200.0,0.0004359701492537,0.0007655412678855,0.0002519999999999,0.0001177967399999,0.99982592472292,93.53233830845772,2.0227861404418945
run_20250830_165734_kmeans_optuna,39.2403074,0.0003911940298507,0.0007348191438233,0.0002459999999999,0.000108531794,0.9998396160868924,96.01990049751244,1.170696258544922
run_20250830_225700_som_hybrid,352.0663774,0.0003479104477611,0.0006684763621596,0.0001999999999999,8.981899000000048e-05,0.999867269114822,96.5174129353234,1.4786968231201172
run_20250831_165648_som_optuna,161.425389,0.0003891492537313,0.0007072575195817,0.0002349999999999,0.000100542853,0.9998514218220778,95.02487562189054,1.4708614349365234
run_20250831_181530_kmeans_bayesian,41.750459000000006,0.0004062338308457,0.0006631206451693,0.0002490000000001,8.838552700000074e-05,0.999869387428698,95.52238805970148,1.1564922332763672
run_20250831_182804_kmeans_hybrid,45.8297632,0.0003680447761193,0.0007098702179751,0.0002189999999999,0.0001012870609999,0.9998503220614748,95.02487562189054,1.1942024230957031
run_20250901_120215_som_bayesian,135.6011173,0.0003646169154228,0.0007031186746536,0.0001890000000002,9.936955000000026e-05,0.999853155681986,95.52238805970148,1.47869873046875
