{
  "val_mae": 0.5989519801980199,
  "max_error": 0.6997,
  "rmse": 0.004444915885337179,
  "r2": 0.9941894633548348,
  "train_time": 0.0,
  "model_size": 0.15195465087890625,
  "accuracy": 35.148514851485146,
  "median_ae": 0.002549999999999941,
  "mae": 0.0032965346534653537,
  "accuracy_005": 0.0,
  "accuracy_01": 0.0,
  "precision": 0.0,
  "recall": 0.0,
  "f1": 0.0,
  "ssr": 73.14391217,
  "explained_variance": 0.0,
  "sst": 73.14364333,
  "sse": 0.003990970000000005
}