{
  "mae": 0.0003475174129353162,
  "rmse": 0.0006686624318452533,
  "median_ae": 0.00019300000000010975,
  "sse": 8.986899900000283e-05,
  "r2": 0.9998671952135363,
  "accuracy": 96.51741293532339,
  "model_size": 1.4786968231201172,
  "training_time": 352.0663774
}