{
  "mae": 0.00034791044776118766,
  "rmse": 0.000668476362159629,
  "median_ae": 0.00019999999999997797,
  "sse": 8.981899000000048e-05,
  "r2": 0.9998672691148219,
  "accuracy": 96.51741293532339,
  "model_size": 1.4786968231201172,
  "training_time": 352.0663774
}