{
  "mae": 0.000435970149253723,
  "rmse": 0.0007655412678855409,
  "median_ae": 0.00025199999999991896,
  "sse": 0.00011779673999999609,
  "r2": 0.9998259247229201,
  "accuracy": 93.53233830845771,
  "model_size": 2.0227861404418945,
  "training_time": 200.0
}