{
  "mae": 0.00043538308457710136,
  "rmse": 0.0007650304647138299,
  "median_ae": 0.000252000000000141,
  "sse": 0.00011763959399999196,
  "r2": 0.9998261569469484,
  "accuracy": 93.53233830845771,
  "model_size": 2.0227861404418945,
  "training_time": 200.0
}