{
  "val_mae": 0.5959029702970297,
  "max_error": 0.6994,
  "rmse": 0.0054074023338383185,
  "r2": 0.991400632306448,
  "train_time": 0.0,
  "model_size": 1.2176284790039062,
  "accuracy": 19.801980198019802,
  "median_ae": 0.0044999999999999485,
  "mae": 0.004601980198019809,
  "accuracy_005": 0.0,
  "accuracy_01": 0.0,
  "precision": 0.0,
  "recall": 0.0,
  "f1": 0.0,
  "ssr": 72.40940988,
  "explained_variance": 0.0,
  "sst": 72.41086946,
  "sse": 0.0059064800000000195
}